Audio Path,Segment Index,Plate Thickness,Electrode,Type of Current
audio/Placa_12mm/E6010/DC/240902-132741_Audio/240902-132741_6013-2.wav,0,Placa_12mm,E6010,DC
audio/Placa_12mm/E6010/DC/240902-132741_Audio/240902-132741_6013-2.wav,1,Placa_12mm,E6010,DC
audio/Placa_12mm/E6010/DC/240902-132741_Audio/240902-132741_6013-2.wav,2,Placa_12mm,E6010,DC
audio/Placa_12mm/E6010/DC/240902-132741_Audio/240902-132741_6013-2.wav,3,Placa_12mm,E6010,DC
audio/Placa_12mm/E6010/DC/240902-132741_Audio/240902-132741_6013-2.wav,4,Placa_12mm,E6010,DC
audio/Placa_12mm/E6010/DC/240902-132741_Audio/240902-132741_6013-2.wav,5,Placa_12mm,E6010,DC
audio/Placa_12mm/E6010/DC/240902-132928_Audio/240902-132928_6013-2.wav,0,Placa_12mm,E6010,DC
audio/Placa_12mm/E6010/DC/240902-132928_Audio/240902-132928_6013-2.wav,1,Placa_12mm,E6010,DC
audio/Placa_12mm/E6010/DC/240902-132928_Audio/240902-132928_6013-2.wav,2,Placa_12mm,E6010,DC
audio/Placa_12mm/E6010/DC/240902-132928_Audio/240902-132928_6013-2.wav,3,Placa_12mm,E6010,DC
audio/Placa_12mm/E6010/DC/240902-132928_Audio/240902-132928_6013-2.wav,4,Placa_12mm,E6010,DC
audio/Placa_12mm/E6010/DC/240902-132928_Audio/240902-132928_6013-2.wav,5,Placa_12mm,E6010,DC
audio/Placa_12mm/E6010/DC/240902-132928_Audio/240902-132928_6013-2.wav,6,Placa_12mm,E6010,DC
audio/Placa_12mm/E6010/DC/240902-132928_Audio/240902-132928_6013-2.wav,7,Placa_12mm,E6010,DC
audio/Placa_12mm/E6011/AC/240909-134918_Audio/240909-134918_6013-2.wav,0,Placa_12mm,E6011,AC
audio/Placa_12mm/E6011/AC/240909-134918_Audio/240909-134918_6013-2.wav,1,Placa_12mm,E6011,AC
audio/Placa_12mm/E6011/AC/240909-134918_Audio/240909-134918_6013-2.wav,2,Placa_12mm,E6011,AC
audio/Placa_12mm/E6011/AC/240909-134918_Audio/240909-134918_6013-2.wav,3,Placa_12mm,E6011,AC
audio/Placa_12mm/E6011/AC/240909-134918_Audio/240909-134918_6013-2.wav,4,Placa_12mm,E6011,AC
audio/Placa_12mm/E6011/AC/240909-134918_Audio/240909-134918_6013-2.wav,5,Placa_12mm,E6011,AC
audio/Placa_12mm/E6011/AC/240909-134918_Audio/240909-134918_6013-2.wav,6,Placa_12mm,E6011,AC
audio/Placa_12mm/E6011/AC/240909-134918_Audio/240909-134918_6013-2.wav,7,Placa_12mm,E6011,AC
audio/Placa_12mm/E6011/AC/240909-134918_Audio/240909-134918_6013-2.wav,8,Placa_12mm,E6011,AC
audio/Placa_12mm/E6011/AC/240909-134918_Audio/240909-134918_6013-2.wav,9,Placa_12mm,E6011,AC
audio/Placa_12mm/E6011/AC/240909-140307_Audio/240909-140307_6013-2.wav,0,Placa_12mm,E6011,AC
audio/Placa_12mm/E6011/AC/240909-140307_Audio/240909-140307_6013-2.wav,1,Placa_12mm,E6011,AC
audio/Placa_12mm/E6011/AC/240909-140307_Audio/240909-140307_6013-2.wav,2,Placa_12mm,E6011,AC
audio/Placa_12mm/E6011/AC/240909-140307_Audio/240909-140307_6013-2.wav,3,Placa_12mm,E6011,AC
audio/Placa_12mm/E6011/AC/240909-140307_Audio/240909-140307_6013-2.wav,4,Placa_12mm,E6011,AC
audio/Placa_12mm/E6011/AC/240909-140307_Audio/240909-140307_6013-2.wav,5,Placa_12mm,E6011,AC
audio/Placa_12mm/E6011/AC/240909-140307_Audio/240909-140307_6013-2.wav,6,Placa_12mm,E6011,AC
audio/Placa_12mm/E6011/AC/240909-140307_Audio/240909-140307_6013-2.wav,7,Placa_12mm,E6011,AC
audio/Placa_12mm/E6011/AC/240909-140307_Audio/240909-140307_6013-2.wav,8,Placa_12mm,E6011,AC
audio/Placa_12mm/E6011/AC/240909-140307_Audio/240909-140307_6013-2.wav,9,Placa_12mm,E6011,AC
audio/Placa_12mm/E6011/DC/240912-131906_Audio/240912-131906_6013-2.wav,0,Placa_12mm,E6011,DC
audio/Placa_12mm/E6011/DC/240912-131906_Audio/240912-131906_6013-2.wav,1,Placa_12mm,E6011,DC
audio/Placa_12mm/E6011/DC/240912-131906_Audio/240912-131906_6013-2.wav,2,Placa_12mm,E6011,DC
audio/Placa_12mm/E6011/DC/240912-131906_Audio/240912-131906_6013-2.wav,3,Placa_12mm,E6011,DC
audio/Placa_12mm/E6011/DC/240912-131906_Audio/240912-131906_6013-2.wav,4,Placa_12mm,E6011,DC
audio/Placa_12mm/E6011/DC/240912-131906_Audio/240912-131906_6013-2.wav,5,Placa_12mm,E6011,DC
audio/Placa_12mm/E6011/DC/240912-134633_Audio/240912-134633_6013-2.wav,0,Placa_12mm,E6011,DC
audio/Placa_12mm/E6011/DC/240912-134633_Audio/240912-134633_6013-2.wav,1,Placa_12mm,E6011,DC
audio/Placa_12mm/E6011/DC/240912-134633_Audio/240912-134633_6013-2.wav,2,Placa_12mm,E6011,DC
audio/Placa_12mm/E6011/DC/240912-134633_Audio/240912-134633_6013-2.wav,3,Placa_12mm,E6011,DC
audio/Placa_12mm/E6011/DC/240912-134633_Audio/240912-134633_6013-2.wav,4,Placa_12mm,E6011,DC
audio/Placa_12mm/E6011/DC/240912-134633_Audio/240912-134633_6013-2.wav,5,Placa_12mm,E6011,DC
audio/Placa_12mm/E6011/DC/240912-134633_Audio/240912-134633_6013-2.wav,6,Placa_12mm,E6011,DC
audio/Placa_12mm/E6013/AC/240923-143459_Audio/240923-143459_6013-2.wav,0,Placa_12mm,E6013,AC
audio/Placa_12mm/E6013/AC/240923-143459_Audio/240923-143459_6013-2.wav,1,Placa_12mm,E6013,AC
audio/Placa_12mm/E6013/AC/240923-143459_Audio/240923-143459_6013-2.wav,2,Placa_12mm,E6013,AC
audio/Placa_12mm/E6013/AC/240923-143459_Audio/240923-143459_6013-2.wav,3,Placa_12mm,E6013,AC
audio/Placa_12mm/E6013/AC/240923-143459_Audio/240923-143459_6013-2.wav,4,Placa_12mm,E6013,AC
audio/Placa_12mm/E6013/AC/240923-143459_Audio/240923-143459_6013-2.wav,5,Placa_12mm,E6013,AC
audio/Placa_12mm/E6013/AC/240923-143459_Audio/240923-143459_6013-2.wav,6,Placa_12mm,E6013,AC
audio/Placa_12mm/E6013/AC/240923-144534_Audio/240923-144534_6013-2.wav,0,Placa_12mm,E6013,AC
audio/Placa_12mm/E6013/AC/240923-144534_Audio/240923-144534_6013-2.wav,1,Placa_12mm,E6013,AC
audio/Placa_12mm/E6013/AC/240923-144534_Audio/240923-144534_6013-2.wav,2,Placa_12mm,E6013,AC
audio/Placa_12mm/E6013/AC/240923-144534_Audio/240923-144534_6013-2.wav,3,Placa_12mm,E6013,AC
audio/Placa_12mm/E6013/AC/240923-144534_Audio/240923-144534_6013-2.wav,4,Placa_12mm,E6013,AC
audio/Placa_12mm/E6013/AC/240923-144534_Audio/240923-144534_6013-2.wav,5,Placa_12mm,E6013,AC
audio/Placa_12mm/E6013/AC/240923-144534_Audio/240923-144534_6013-2.wav,6,Placa_12mm,E6013,AC
audio/Placa_12mm/E6013/AC/240923-144534_Audio/240923-144534_6013-2.wav,7,Placa_12mm,E6013,AC
audio/Placa_12mm/E6013/AC/240923-144534_Audio/240923-144534_6013-2.wav,8,Placa_12mm,E6013,AC
audio/Placa_12mm/E6013/AC/240923-144534_Audio/240923-144534_6013-2.wav,9,Placa_12mm,E6013,AC
audio/Placa_12mm/E6013/AC/240923-144534_Audio/240923-144534_6013-2.wav,10,Placa_12mm,E6013,AC
audio/Placa_12mm/E6013/AC/240923-144534_Audio/240923-144534_6013-2.wav,11,Placa_12mm,E6013,AC
audio/Placa_12mm/E6013/AC/240923-144534_Audio/240923-144534_6013-2.wav,12,Placa_12mm,E6013,AC
audio/Placa_12mm/E6013/DC/240912-153659_Audio/240912-153659_6013-2.wav,0,Placa_12mm,E6013,DC
audio/Placa_12mm/E6013/DC/240912-153659_Audio/240912-153659_6013-2.wav,1,Placa_12mm,E6013,DC
audio/Placa_12mm/E6013/DC/240912-153659_Audio/240912-153659_6013-2.wav,2,Placa_12mm,E6013,DC
audio/Placa_12mm/E6013/DC/240912-153659_Audio/240912-153659_6013-2.wav,3,Placa_12mm,E6013,DC
audio/Placa_12mm/E6013/DC/240912-154537_Audio/240912-154537_6013-2.wav,0,Placa_12mm,E6013,DC
audio/Placa_12mm/E6013/DC/240912-154537_Audio/240912-154537_6013-2.wav,1,Placa_12mm,E6013,DC
audio/Placa_12mm/E6013/DC/240912-154537_Audio/240912-154537_6013-2.wav,2,Placa_12mm,E6013,DC
audio/Placa_12mm/E6013/DC/240912-154537_Audio/240912-154537_6013-2.wav,3,Placa_12mm,E6013,DC
audio/Placa_12mm/E7018/DC/240926-141210_Audio/240926-141210_6013-2.wav,0,Placa_12mm,E7018,DC
audio/Placa_12mm/E7018/DC/240926-141210_Audio/240926-141210_6013-2.wav,1,Placa_12mm,E7018,DC
audio/Placa_12mm/E7018/DC/240926-141210_Audio/240926-141210_6013-2.wav,2,Placa_12mm,E7018,DC
audio/Placa_12mm/E7018/DC/240926-141210_Audio/240926-141210_6013-2.wav,3,Placa_12mm,E7018,DC
audio/Placa_12mm/E7018/DC/240926-141210_Audio/240926-141210_6013-2.wav,4,Placa_12mm,E7018,DC
audio/Placa_12mm/E7018/DC/240926-141210_Audio/240926-141210_6013-2.wav,5,Placa_12mm,E7018,DC
audio/Placa_12mm/E7018/DC/240926-141210_Audio/240926-141210_6013-2.wav,6,Placa_12mm,E7018,DC
audio/Placa_12mm/E7018/DC/240926-141750_Audio/240926-141750_6013-2.wav,0,Placa_12mm,E7018,DC
audio/Placa_12mm/E7018/DC/240926-141750_Audio/240926-141750_6013-2.wav,1,Placa_12mm,E7018,DC
audio/Placa_12mm/E7018/DC/240926-141750_Audio/240926-141750_6013-2.wav,2,Placa_12mm,E7018,DC
audio/Placa_12mm/E7018/DC/240926-141750_Audio/240926-141750_6013-2.wav,3,Placa_12mm,E7018,DC
audio/Placa_12mm/E7018/DC/240926-141750_Audio/240926-141750_6013-2.wav,4,Placa_12mm,E7018,DC
audio/Placa_12mm/E7018/DC/240926-141750_Audio/240926-141750_6013-2.wav,5,Placa_12mm,E7018,DC
audio/Placa_3mm/E6010/DC/240802-105934_Audio/240802-105934_6013-2.wav,0,Placa_3mm,E6010,DC
audio/Placa_3mm/E6010/DC/240802-111400_Audio/240802-111400_6013-2.wav,0,Placa_3mm,E6010,DC
audio/Placa_3mm/E6010/DC/240802-111400_Audio/240802-111400_6013-2.wav,1,Placa_3mm,E6010,DC
audio/Placa_3mm/E6010/DC/240802-111400_Audio/240802-111400_6013-2.wav,2,Placa_3mm,E6010,DC
audio/Placa_3mm/E6010/DC/240802-111400_Audio/240802-111400_6013-2.wav,3,Placa_3mm,E6010,DC
audio/Placa_3mm/E6010/DC/240802-111400_Audio/240802-111400_6013-2.wav,4,Placa_3mm,E6010,DC
audio/Placa_3mm/E6010/DC/240802-111400_Audio/240802-111400_6013-2.wav,5,Placa_3mm,E6010,DC
audio/Placa_3mm/E6010/DC/240802-111400_Audio/240802-111400_6013-2.wav,6,Placa_3mm,E6010,DC
audio/Placa_3mm/E6010/DC/240802-111400_Audio/240802-111400_6013-2.wav,7,Placa_3mm,E6010,DC
audio/Placa_3mm/E6010/DC/240802-111400_Audio/240802-111400_6013-2.wav,8,Placa_3mm,E6010,DC
audio/Placa_3mm/E6010/DC/240802-111400_Audio/240802-111400_6013-2.wav,9,Placa_3mm,E6010,DC
audio/Placa_3mm/E6010/DC/240802-111400_Audio/240802-111400_6013-2.wav,10,Placa_3mm,E6010,DC
audio/Placa_3mm/E6011/AC/240812-130116_Audio/240812-130116_6013-2.wav,0,Placa_3mm,E6011,AC
audio/Placa_3mm/E6011/AC/240812-130116_Audio/240812-130116_6013-2.wav,1,Placa_3mm,E6011,AC
audio/Placa_3mm/E6011/AC/240812-130116_Audio/240812-130116_6013-2.wav,2,Placa_3mm,E6011,AC
audio/Placa_3mm/E6011/AC/240812-130116_Audio/240812-130116_6013-2.wav,3,Placa_3mm,E6011,AC
audio/Placa_3mm/E6011/AC/240812-130116_Audio/240812-130116_6013-2.wav,4,Placa_3mm,E6011,AC
audio/Placa_3mm/E6011/AC/240812-130116_Audio/240812-130116_6013-2.wav,5,Placa_3mm,E6011,AC
audio/Placa_3mm/E6011/AC/240812-130116_Audio/240812-130116_6013-2.wav,6,Placa_3mm,E6011,AC
audio/Placa_3mm/E6011/AC/240812-130116_Audio/240812-130116_6013-2.wav,7,Placa_3mm,E6011,AC
audio/Placa_3mm/E6011/AC/240812-131731_Audio/240812-131731_6013-2.wav,0,Placa_3mm,E6011,AC
audio/Placa_3mm/E6011/AC/240812-131731_Audio/240812-131731_6013-2.wav,1,Placa_3mm,E6011,AC
audio/Placa_3mm/E6011/AC/240812-131731_Audio/240812-131731_6013-2.wav,2,Placa_3mm,E6011,AC
audio/Placa_3mm/E6011/AC/240812-131731_Audio/240812-131731_6013-2.wav,3,Placa_3mm,E6011,AC
audio/Placa_3mm/E6011/AC/240812-131731_Audio/240812-131731_6013-2.wav,4,Placa_3mm,E6011,AC
audio/Placa_3mm/E6011/AC/240812-131731_Audio/240812-131731_6013-2.wav,5,Placa_3mm,E6011,AC
audio/Placa_3mm/E6011/AC/240812-131731_Audio/240812-131731_6013-2.wav,6,Placa_3mm,E6011,AC
audio/Placa_3mm/E6011/AC/240812-131731_Audio/240812-131731_6013-2.wav,7,Placa_3mm,E6011,AC
audio/Placa_3mm/E6011/AC/240812-131731_Audio/240812-131731_6013-2.wav,8,Placa_3mm,E6011,AC
audio/Placa_3mm/E6011/AC/240812-131731_Audio/240812-131731_6013-2.wav,9,Placa_3mm,E6011,AC
audio/Placa_3mm/E6011/AC/240812-131731_Audio/240812-131731_6013-2.wav,10,Placa_3mm,E6011,AC
audio/Placa_3mm/E6011/AC/240812-131731_Audio/240812-131731_6013-2.wav,11,Placa_3mm,E6011,AC
audio/Placa_3mm/E6011/DC/240802-133513_Audio/240802-133513_6013-2.wav,0,Placa_3mm,E6011,DC
audio/Placa_3mm/E6011/DC/240802-135929_Audio/240802-135929_6013-2.wav,0,Placa_3mm,E6011,DC
audio/Placa_3mm/E6011/DC/240802-135929_Audio/240802-135929_6013-2.wav,1,Placa_3mm,E6011,DC
audio/Placa_3mm/E6011/DC/240802-135929_Audio/240802-135929_6013-2.wav,2,Placa_3mm,E6011,DC
audio/Placa_3mm/E6011/DC/240802-135929_Audio/240802-135929_6013-2.wav,3,Placa_3mm,E6011,DC
audio/Placa_3mm/E6011/DC/240802-135929_Audio/240802-135929_6013-2.wav,4,Placa_3mm,E6011,DC
audio/Placa_3mm/E6011/DC/240802-135929_Audio/240802-135929_6013-2.wav,5,Placa_3mm,E6011,DC
audio/Placa_3mm/E6011/DC/240802-142045_Audio/240802-142045_6013-2.wav,0,Placa_3mm,E6011,DC
audio/Placa_3mm/E6011/DC/240802-142045_Audio/240802-142045_6013-2.wav,1,Placa_3mm,E6011,DC
audio/Placa_3mm/E6011/DC/240802-142045_Audio/240802-142045_6013-2.wav,2,Placa_3mm,E6011,DC
audio/Placa_3mm/E6011/DC/240802-142045_Audio/240802-142045_6013-2.wav,3,Placa_3mm,E6011,DC
audio/Placa_3mm/E6011/DC/240802-142045_Audio/240802-142045_6013-2.wav,4,Placa_3mm,E6011,DC
audio/Placa_3mm/E6011/DC/240802-142045_Audio/240802-142045_6013-2.wav,5,Placa_3mm,E6011,DC
audio/Placa_3mm/E6013/AC/240812-145142_Audio/240812-145142_6013-2.wav,0,Placa_3mm,E6013,AC
audio/Placa_3mm/E6013/AC/240812-145142_Audio/240812-145142_6013-2.wav,1,Placa_3mm,E6013,AC
audio/Placa_3mm/E6013/AC/240812-145142_Audio/240812-145142_6013-2.wav,2,Placa_3mm,E6013,AC
audio/Placa_3mm/E6013/AC/240812-145142_Audio/240812-145142_6013-2.wav,3,Placa_3mm,E6013,AC
audio/Placa_3mm/E6013/AC/240812-145142_Audio/240812-145142_6013-2.wav,4,Placa_3mm,E6013,AC
audio/Placa_3mm/E6013/AC/240812-145142_Audio/240812-145142_6013-2.wav,5,Placa_3mm,E6013,AC
audio/Placa_3mm/E6013/AC/240812-152245_Audio/240812-152245_6013-2.wav,0,Placa_3mm,E6013,AC
audio/Placa_3mm/E6013/AC/240812-152245_Audio/240812-152245_6013-2.wav,1,Placa_3mm,E6013,AC
audio/Placa_3mm/E6013/AC/240812-152245_Audio/240812-152245_6013-2.wav,2,Placa_3mm,E6013,AC
audio/Placa_3mm/E6013/AC/240812-152245_Audio/240812-152245_6013-2.wav,3,Placa_3mm,E6013,AC
audio/Placa_3mm/E6013/AC/240812-152245_Audio/240812-152245_6013-2.wav,4,Placa_3mm,E6013,AC
audio/Placa_3mm/E6013/AC/240812-152245_Audio/240812-152245_6013-2.wav,5,Placa_3mm,E6013,AC
audio/Placa_3mm/E6013/AC/240812-152245_Audio/240812-152245_6013-2.wav,6,Placa_3mm,E6013,AC
audio/Placa_3mm/E6013/DC/240819-123536_Audio/240819-123536_6013-2.wav,0,Placa_3mm,E6013,DC
audio/Placa_3mm/E6013/DC/240819-123536_Audio/240819-123536_6013-2.wav,1,Placa_3mm,E6013,DC
audio/Placa_3mm/E6013/DC/240819-123536_Audio/240819-123536_6013-2.wav,2,Placa_3mm,E6013,DC
audio/Placa_3mm/E6013/DC/240819-123536_Audio/240819-123536_6013-2.wav,3,Placa_3mm,E6013,DC
audio/Placa_3mm/E6013/DC/240819-123536_Audio/240819-123536_6013-2.wav,4,Placa_3mm,E6013,DC
audio/Placa_3mm/E6013/DC/240819-123536_Audio/240819-123536_6013-2.wav,5,Placa_3mm,E6013,DC
audio/Placa_3mm/E6013/DC/240819-131445_Audio/240819-131445_6013-2.wav,0,Placa_3mm,E6013,DC
audio/Placa_3mm/E6013/DC/240819-131445_Audio/240819-131445_6013-2.wav,1,Placa_3mm,E6013,DC
audio/Placa_3mm/E6013/DC/240819-131445_Audio/240819-131445_6013-2.wav,2,Placa_3mm,E6013,DC
audio/Placa_3mm/E6013/DC/240819-131445_Audio/240819-131445_6013-2.wav,3,Placa_3mm,E6013,DC
audio/Placa_3mm/E7018/DC/240826-115807_Audio/240826-115807_6013-2.wav,0,Placa_3mm,E7018,DC
audio/Placa_3mm/E7018/DC/240826-115807_Audio/240826-115807_6013-2.wav,1,Placa_3mm,E7018,DC
audio/Placa_3mm/E7018/DC/240826-115807_Audio/240826-115807_6013-2.wav,2,Placa_3mm,E7018,DC
audio/Placa_3mm/E7018/DC/240826-115807_Audio/240826-115807_6013-2.wav,3,Placa_3mm,E7018,DC
audio/Placa_3mm/E7018/DC/240826-115807_Audio/240826-115807_6013-2.wav,4,Placa_3mm,E7018,DC
audio/Placa_3mm/E7018/DC/240826-115807_Audio/240826-115807_6013-2.wav,5,Placa_3mm,E7018,DC
audio/Placa_3mm/E7018/DC/240826-120415_Audio/240826-120415_6013-2.wav,0,Placa_3mm,E7018,DC
audio/Placa_3mm/E7018/DC/240826-120415_Audio/240826-120415_6013-2.wav,1,Placa_3mm,E7018,DC
audio/Placa_3mm/E7018/DC/240826-120415_Audio/240826-120415_6013-2.wav,2,Placa_3mm,E7018,DC
audio/Placa_3mm/E7018/DC/240826-120415_Audio/240826-120415_6013-2.wav,3,Placa_3mm,E7018,DC
audio/Placa_3mm/E7018/DC/240826-120415_Audio/240826-120415_6013-2.wav,4,Placa_3mm,E7018,DC
audio/Placa_3mm/E7018/DC/240826-120415_Audio/240826-120415_6013-2.wav,5,Placa_3mm,E7018,DC
audio/Placa_6mm/E6010/DC/240926-124937_Audio/240926-124937_6013-2.wav,0,Placa_6mm,E6010,DC
audio/Placa_6mm/E6010/DC/240926-124937_Audio/240926-124937_6013-2.wav,1,Placa_6mm,E6010,DC
audio/Placa_6mm/E6010/DC/240926-124937_Audio/240926-124937_6013-2.wav,2,Placa_6mm,E6010,DC
audio/Placa_6mm/E6010/DC/240926-124937_Audio/240926-124937_6013-2.wav,3,Placa_6mm,E6010,DC
audio/Placa_6mm/E6010/DC/240926-124937_Audio/240926-124937_6013-2.wav,4,Placa_6mm,E6010,DC
audio/Placa_6mm/E6010/DC/240926-124937_Audio/240926-124937_6013-2.wav,5,Placa_6mm,E6010,DC
audio/Placa_6mm/E6010/DC/240926-124937_Audio/240926-124937_6013-2.wav,6,Placa_6mm,E6010,DC
audio/Placa_6mm/E6010/DC/240926-130341_Audio/240926-130341_6013-2.wav,0,Placa_6mm,E6010,DC
audio/Placa_6mm/E6010/DC/240926-130341_Audio/240926-130341_6013-2.wav,1,Placa_6mm,E6010,DC
audio/Placa_6mm/E6010/DC/240926-130341_Audio/240926-130341_6013-2.wav,2,Placa_6mm,E6010,DC
audio/Placa_6mm/E6010/DC/240926-130341_Audio/240926-130341_6013-2.wav,3,Placa_6mm,E6010,DC
audio/Placa_6mm/E6010/DC/240926-130341_Audio/240926-130341_6013-2.wav,4,Placa_6mm,E6010,DC
audio/Placa_6mm/E6011/AC/240905-154312_Audio/240905-154312_6013-2.wav,0,Placa_6mm,E6011,AC
audio/Placa_6mm/E6011/AC/240905-154312_Audio/240905-154312_6013-2.wav,1,Placa_6mm,E6011,AC
audio/Placa_6mm/E6011/AC/240905-154312_Audio/240905-154312_6013-2.wav,2,Placa_6mm,E6011,AC
audio/Placa_6mm/E6011/AC/240905-154312_Audio/240905-154312_6013-2.wav,3,Placa_6mm,E6011,AC
audio/Placa_6mm/E6011/AC/240905-154312_Audio/240905-154312_6013-2.wav,4,Placa_6mm,E6011,AC
audio/Placa_6mm/E6011/AC/240905-154312_Audio/240905-154312_6013-2.wav,5,Placa_6mm,E6011,AC
audio/Placa_6mm/E6011/AC/240905-154312_Audio/240905-154312_6013-2.wav,6,Placa_6mm,E6011,AC
audio/Placa_6mm/E6011/AC/240905-154312_Audio/240905-154312_6013-2.wav,7,Placa_6mm,E6011,AC
audio/Placa_6mm/E6011/AC/240905-154312_Audio/240905-154312_6013-2.wav,8,Placa_6mm,E6011,AC
audio/Placa_6mm/E6011/AC/240909-112906_Audio/240909-112906_6013-2.wav,0,Placa_6mm,E6011,AC
audio/Placa_6mm/E6011/AC/240909-112906_Audio/240909-112906_6013-2.wav,1,Placa_6mm,E6011,AC
audio/Placa_6mm/E6011/AC/240909-112906_Audio/240909-112906_6013-2.wav,2,Placa_6mm,E6011,AC
audio/Placa_6mm/E6011/AC/240909-112906_Audio/240909-112906_6013-2.wav,3,Placa_6mm,E6011,AC
audio/Placa_6mm/E6011/AC/240909-112906_Audio/240909-112906_6013-2.wav,4,Placa_6mm,E6011,AC
audio/Placa_6mm/E6011/AC/240909-112906_Audio/240909-112906_6013-2.wav,5,Placa_6mm,E6011,AC
audio/Placa_6mm/E6011/AC/240909-112906_Audio/240909-112906_6013-2.wav,6,Placa_6mm,E6011,AC
audio/Placa_6mm/E6011/AC/240909-112906_Audio/240909-112906_6013-2.wav,7,Placa_6mm,E6011,AC
audio/Placa_6mm/E6011/AC/240909-112906_Audio/240909-112906_6013-2.wav,8,Placa_6mm,E6011,AC
audio/Placa_6mm/E6011/AC/240909-112906_Audio/240909-112906_6013-2.wav,9,Placa_6mm,E6011,AC
audio/Placa_6mm/E6011/DC/240905-140946_Audio/240905-140946_6013-2.wav,0,Placa_6mm,E6011,DC
audio/Placa_6mm/E6011/DC/240905-140946_Audio/240905-140946_6013-2.wav,1,Placa_6mm,E6011,DC
audio/Placa_6mm/E6011/DC/240905-140946_Audio/240905-140946_6013-2.wav,2,Placa_6mm,E6011,DC
audio/Placa_6mm/E6011/DC/240905-140946_Audio/240905-140946_6013-2.wav,3,Placa_6mm,E6011,DC
audio/Placa_6mm/E6011/DC/240905-140946_Audio/240905-140946_6013-2.wav,4,Placa_6mm,E6011,DC
audio/Placa_6mm/E6011/DC/240905-140946_Audio/240905-140946_6013-2.wav,5,Placa_6mm,E6011,DC
audio/Placa_6mm/E6011/DC/240905-140946_Audio/240905-140946_6013-2.wav,6,Placa_6mm,E6011,DC
audio/Placa_6mm/E6011/DC/240905-140946_Audio/240905-140946_6013-2.wav,7,Placa_6mm,E6011,DC
audio/Placa_6mm/E6011/DC/240905-141239_Audio/240905-141239_6013-2.wav,0,Placa_6mm,E6011,DC
audio/Placa_6mm/E6011/DC/240905-141239_Audio/240905-141239_6013-2.wav,1,Placa_6mm,E6011,DC
audio/Placa_6mm/E6011/DC/240905-141239_Audio/240905-141239_6013-2.wav,2,Placa_6mm,E6011,DC
audio/Placa_6mm/E6011/DC/240905-141239_Audio/240905-141239_6013-2.wav,3,Placa_6mm,E6011,DC
audio/Placa_6mm/E6011/DC/240905-141239_Audio/240905-141239_6013-2.wav,4,Placa_6mm,E6011,DC
audio/Placa_6mm/E6011/DC/240905-141239_Audio/240905-141239_6013-2.wav,5,Placa_6mm,E6011,DC
audio/Placa_6mm/E6011/DC/240905-141239_Audio/240905-141239_6013-2.wav,6,Placa_6mm,E6011,DC
audio/Placa_6mm/E6013/AC/240923-130247_Audio/240923-130247_6013-2.wav,0,Placa_6mm,E6013,AC
audio/Placa_6mm/E6013/AC/240923-130247_Audio/240923-130247_6013-2.wav,1,Placa_6mm,E6013,AC
audio/Placa_6mm/E6013/AC/240923-130247_Audio/240923-130247_6013-2.wav,2,Placa_6mm,E6013,AC
audio/Placa_6mm/E6013/AC/240923-130247_Audio/240923-130247_6013-2.wav,3,Placa_6mm,E6013,AC
audio/Placa_6mm/E6013/AC/240923-130247_Audio/240923-130247_6013-2.wav,4,Placa_6mm,E6013,AC
audio/Placa_6mm/E6013/AC/240923-130247_Audio/240923-130247_6013-2.wav,5,Placa_6mm,E6013,AC
audio/Placa_6mm/E6013/AC/240923-130247_Audio/240923-130247_6013-2.wav,6,Placa_6mm,E6013,AC
audio/Placa_6mm/E6013/AC/240923-130247_Audio/240923-130247_6013-2.wav,7,Placa_6mm,E6013,AC
audio/Placa_6mm/E6013/AC/240923-133958_Audio/240923-133958_6013-2.wav,0,Placa_6mm,E6013,AC
audio/Placa_6mm/E6013/AC/240923-133958_Audio/240923-133958_6013-2.wav,1,Placa_6mm,E6013,AC
audio/Placa_6mm/E6013/AC/240923-133958_Audio/240923-133958_6013-2.wav,2,Placa_6mm,E6013,AC
audio/Placa_6mm/E6013/AC/240923-133958_Audio/240923-133958_6013-2.wav,3,Placa_6mm,E6013,AC
audio/Placa_6mm/E6013/AC/240923-133958_Audio/240923-133958_6013-2.wav,4,Placa_6mm,E6013,AC
audio/Placa_6mm/E6013/AC/240923-133958_Audio/240923-133958_6013-2.wav,5,Placa_6mm,E6013,AC
audio/Placa_6mm/E6013/AC/240923-133958_Audio/240923-133958_6013-2.wav,6,Placa_6mm,E6013,AC
audio/Placa_6mm/E6013/AC/240923-133958_Audio/240923-133958_6013-2.wav,7,Placa_6mm,E6013,AC
audio/Placa_6mm/E6013/DC/240912-141457_Audio/240912-141457_6013-2.wav,0,Placa_6mm,E6013,DC
audio/Placa_6mm/E6013/DC/240912-141457_Audio/240912-141457_6013-2.wav,1,Placa_6mm,E6013,DC
audio/Placa_6mm/E6013/DC/240912-141457_Audio/240912-141457_6013-2.wav,2,Placa_6mm,E6013,DC
audio/Placa_6mm/E6013/DC/240912-141457_Audio/240912-141457_6013-2.wav,3,Placa_6mm,E6013,DC
audio/Placa_6mm/E6013/DC/240912-141457_Audio/240912-141457_6013-2.wav,4,Placa_6mm,E6013,DC
audio/Placa_6mm/E6013/DC/240912-141653_Audio/240912-141653_6013-2.wav,0,Placa_6mm,E6013,DC
audio/Placa_6mm/E6013/DC/240912-141653_Audio/240912-141653_6013-2.wav,1,Placa_6mm,E6013,DC
audio/Placa_6mm/E6013/DC/240912-141653_Audio/240912-141653_6013-2.wav,2,Placa_6mm,E6013,DC
audio/Placa_6mm/E6013/DC/240912-141653_Audio/240912-141653_6013-2.wav,3,Placa_6mm,E6013,DC
audio/Placa_6mm/E6013/DC/240912-141653_Audio/240912-141653_6013-2.wav,4,Placa_6mm,E6013,DC
audio/Placa_6mm/E7018/DC/240826-131644_Audio/240826-131644_6013-2.wav,0,Placa_6mm,E7018,DC
audio/Placa_6mm/E7018/DC/240826-131644_Audio/240826-131644_6013-2.wav,1,Placa_6mm,E7018,DC
audio/Placa_6mm/E7018/DC/240826-131644_Audio/240826-131644_6013-2.wav,2,Placa_6mm,E7018,DC
audio/Placa_6mm/E7018/DC/240826-131644_Audio/240826-131644_6013-2.wav,3,Placa_6mm,E7018,DC
audio/Placa_6mm/E7018/DC/240826-131644_Audio/240826-131644_6013-2.wav,4,Placa_6mm,E7018,DC
audio/Placa_6mm/E7018/DC/240826-131644_Audio/240826-131644_6013-2.wav,5,Placa_6mm,E7018,DC
audio/Placa_6mm/E7018/DC/240826-131644_Audio/240826-131644_6013-2.wav,6,Placa_6mm,E7018,DC
audio/Placa_6mm/E7018/DC/240826-131644_Audio/240826-131644_6013-2.wav,7,Placa_6mm,E7018,DC
audio/Placa_6mm/E7018/DC/240826-131644_Audio/240826-131644_6013-2.wav,8,Placa_6mm,E7018,DC
audio/Placa_6mm/E7018/DC/240826-131644_Audio/240826-131644_6013-2.wav,9,Placa_6mm,E7018,DC
audio/Placa_6mm/E7018/DC/240826-135150_Audio/240826-135150_6013-2.wav,0,Placa_6mm,E7018,DC
audio/Placa_6mm/E7018/DC/240826-135150_Audio/240826-135150_6013-2.wav,1,Placa_6mm,E7018,DC
audio/Placa_6mm/E7018/DC/240826-135150_Audio/240826-135150_6013-2.wav,2,Placa_6mm,E7018,DC
audio/Placa_6mm/E7018/DC/240826-135150_Audio/240826-135150_6013-2.wav,3,Placa_6mm,E7018,DC
audio/Placa_6mm/E7018/DC/240826-135150_Audio/240826-135150_6013-2.wav,4,Placa_6mm,E7018,DC
audio/Placa_6mm/E7018/DC/240826-135150_Audio/240826-135150_6013-2.wav,5,Placa_6mm,E7018,DC
audio/Placa_6mm/E7018/DC/240826-135150_Audio/240826-135150_6013-2.wav,6,Placa_6mm,E7018,DC
audio/Placa_6mm/E7018/DC/240826-135150_Audio/240826-135150_6013-2.wav,7,Placa_6mm,E7018,DC
audio/Placa_6mm/E7018/DC/240826-135150_Audio/240826-135150_6013-2.wav,8,Placa_6mm,E7018,DC
audio/Placa_6mm/E7018/DC/240826-135150_Audio/240826-135150_6013-2.wav,9,Placa_6mm,E7018,DC
audio/Placa_6mm/E7018/DC/240826-135150_Audio/240826-135150_6013-2.wav,10,Placa_6mm,E7018,DC
audio/Placa_6mm/E7018/DC/240826-135150_Audio/240826-135150_6013-2.wav,11,Placa_6mm,E7018,DC
audio/Placa_6mm/E7018/DC/240826-135150_Audio/240826-135150_6013-2.wav,12,Placa_6mm,E7018,DC
audio/Placa_6mm/E7018/DC/240826-135150_Audio/240826-135150_6013-2.wav,13,Placa_6mm,E7018,DC
audio/Placa_6mm/E7018/DC/240826-135150_Audio/240826-135150_6013-2.wav,14,Placa_6mm,E7018,DC
audio/Placa_6mm/E7018/DC/240826-135150_Audio/240826-135150_6013-2.wav,15,Placa_6mm,E7018,DC
audio/Placa_6mm/E7018/DC/240826-135150_Audio/240826-135150_6013-2.wav,16,Placa_6mm,E7018,DC
audio/Placa_6mm/E7018/DC/240826-135150_Audio/240826-135150_6013-2.wav,17,Placa_6mm,E7018,DC
audio/Placa_6mm/E7018/DC/240826-135150_Audio/240826-135150_6013-2.wav,18,Placa_6mm,E7018,DC
audio/Placa_6mm/E7018/DC/240826-135150_Audio/240826-135150_6013-2.wav,19,Placa_6mm,E7018,DC
audio/Placa_6mm/E7018/DC/240826-135150_Audio/240826-135150_6013-2.wav,20,Placa_6mm,E7018,DC
audio/Placa_6mm/E7018/DC/240826-135150_Audio/240826-135150_6013-2.wav,21,Placa_6mm,E7018,DC
audio/Placa_6mm/E7018/DC/240826-135150_Audio/240826-135150_6013-2.wav,22,Placa_6mm,E7018,DC
audio/Placa_6mm/E7018/DC/240826-135150_Audio/240826-135150_6013-2.wav,23,Placa_6mm,E7018,DC
audio/Placa_6mm/E7018/DC/240826-135150_Audio/240826-135150_6013-2.wav,24,Placa_6mm,E7018,DC
audio/Placa_6mm/E7018/DC/240826-135150_Audio/240826-135150_6013-2.wav,25,Placa_6mm,E7018,DC
audio/Placa_6mm/E7018/DC/240826-135150_Audio/240826-135150_6013-2.wav,26,Placa_6mm,E7018,DC
audio/Placa_6mm/E7018/DC/240826-135150_Audio/240826-135150_6013-2.wav,27,Placa_6mm,E7018,DC
audio/Placa_6mm/E7018/DC/240826-135150_Audio/240826-135150_6013-2.wav,28,Placa_6mm,E7018,DC
audio/Placa_6mm/E7018/DC/240826-135150_Audio/240826-135150_6013-2.wav,29,Placa_6mm,E7018,DC
audio/Placa_6mm/E7018/DC/240826-135150_Audio/240826-135150_6013-2.wav,30,Placa_6mm,E7018,DC
audio/Placa_6mm/E7018/DC/240826-135150_Audio/240826-135150_6013-2.wav,31,Placa_6mm,E7018,DC
audio/Placa_6mm/E7018/DC/240826-135150_Audio/240826-135150_6013-2.wav,32,Placa_6mm,E7018,DC
audio/Placa_6mm/E7018/DC/240826-135150_Audio/240826-135150_6013-2.wav,33,Placa_6mm,E7018,DC
audio/Placa_6mm/E7018/DC/240826-135150_Audio/240826-135150_6013-2.wav,34,Placa_6mm,E7018,DC
audio/Placa_6mm/E7018/DC/240826-135150_Audio/240826-135150_6013-2.wav,35,Placa_6mm,E7018,DC
audio/Placa_6mm/E7018/DC/240826-135150_Audio/240826-135150_6013-2.wav,36,Placa_6mm,E7018,DC
audio/Placa_6mm/E7018/DC/240826-135150_Audio/240826-135150_6013-2.wav,37,Placa_6mm,E7018,DC
audio/Placa_6mm/E7018/DC/240826-135150_Audio/240826-135150_6013-2.wav,38,Placa_6mm,E7018,DC
audio/Placa_6mm/E7018/DC/240826-135150_Audio/240826-135150_6013-2.wav,39,Placa_6mm,E7018,DC
audio/Placa_6mm/E7018/DC/240826-135150_Audio/240826-135150_6013-2.wav,40,Placa_6mm,E7018,DC
audio/Placa_6mm/E7018/DC/240826-135150_Audio/240826-135150_6013-2.wav,41,Placa_6mm,E7018,DC
audio/Placa_6mm/E7018/DC/240826-135150_Audio/240826-135150_6013-2.wav,42,Placa_6mm,E7018,DC
audio/Placa_6mm/E7018/DC/240826-135150_Audio/240826-135150_6013-2.wav,43,Placa_6mm,E7018,DC
audio/Placa_6mm/E7018/DC/240826-135150_Audio/240826-135150_6013-2.wav,44,Placa_6mm,E7018,DC
audio/Placa_6mm/E7018/DC/240826-135150_Audio/240826-135150_6013-2.wav,45,Placa_6mm,E7018,DC
audio/Placa_6mm/E7018/DC/240826-135150_Audio/240826-135150_6013-2.wav,46,Placa_6mm,E7018,DC
audio/Placa_6mm/E7018/DC/240826-135150_Audio/240826-135150_6013-2.wav,47,Placa_6mm,E7018,DC
audio/Placa_6mm/E7018/DC/240826-135150_Audio/240826-135150_6013-2.wav,48,Placa_6mm,E7018,DC
audio/Placa_6mm/E7018/DC/240826-135150_Audio/240826-135150_6013-2.wav,49,Placa_6mm,E7018,DC
audio/Placa_6mm/E7018/DC/240826-135150_Audio/240826-135150_6013-2.wav,50,Placa_6mm,E7018,DC
audio/Placa_6mm/E7018/DC/240826-135150_Audio/240826-135150_6013-2.wav,51,Placa_6mm,E7018,DC
audio/Placa_6mm/E7018/DC/240826-140427_Audio/240826-140427_6013-2.wav,0,Placa_6mm,E7018,DC
audio/Placa_6mm/E7018/DC/240826-140427_Audio/240826-140427_6013-2.wav,1,Placa_6mm,E7018,DC
audio/Placa_6mm/E7018/DC/240826-140427_Audio/240826-140427_6013-2.wav,2,Placa_6mm,E7018,DC
audio/Placa_6mm/E7018/DC/240826-140427_Audio/240826-140427_6013-2.wav,3,Placa_6mm,E7018,DC
audio/Placa_6mm/E7018/DC/240826-140427_Audio/240826-140427_6013-2.wav,4,Placa_6mm,E7018,DC
